run,step,journal,record,request_id,attempt,generation,source_record,source_id
economy-a-1-baseline,1,bc54fde99eb703e5953228b0a79372d3,79,d81f590b6c092f172400000000000000,d81f590b6c092f172300000000000000,d81f590b6c092f170800000000000000,12,d81f590b6c092f170900000000000000
economy-a-1-baseline,2,bc54fde99eb703e5953228b0a79372d3,239,d81f590b6c092f176800000000000000,d81f590b6c092f176700000000000000,d81f590b6c092f170800000000000000,12,d81f590b6c092f170900000000000000
economy-a-1-baseline,3,bc54fde99eb703e5953228b0a79372d3,1103,d81f590b6c092f170c02000000000000,d81f590b6c092f170b02000000000000,d81f590b6c092f170800000000000000,12,d81f590b6c092f170900000000000000
economy-a-1-baseline,4,bc54fde99eb703e5953228b0a79372d3,1257,d81f590b6c092f174d02000000000000,d81f590b6c092f174c02000000000000,d81f590b6c092f170800000000000000,12,d81f590b6c092f170900000000000000
economy-a-1-bounded-first,1,86e723b842824d04b29204494588142d,79,138866c041d84af62400000000000000,138866c041d84af62300000000000000,138866c041d84af60800000000000000,12,138866c041d84af60900000000000000
economy-a-1-bounded-first,2,86e723b842824d04b29204494588142d,251,138866c041d84af66e00000000000000,138866c041d84af66d00000000000000,138866c041d84af60800000000000000,12,138866c041d84af60900000000000000
economy-a-1-bounded-first,3,86e723b842824d04b29204494588142d,431,138866c041d84af6bc00000000000000,138866c041d84af6bb00000000000000,138866c041d84af60800000000000000,12,138866c041d84af60900000000000000
economy-a-1-bounded-first,4,86e723b842824d04b29204494588142d,1249,138866c041d84af64902000000000000,138866c041d84af64802000000000000,138866c041d84af60800000000000000,12,138866c041d84af60900000000000000
economy-a-1-bounded-first,5,86e723b842824d04b29204494588142d,1407,138866c041d84af68c02000000000000,138866c041d84af68b02000000000000,138866c041d84af60800000000000000,12,138866c041d84af60900000000000000
economy-b-1-bounded-first,1,d8031208e59db8feebac4bc2b8801884,79,b1fd94ddeeb1f5c42400000000000000,b1fd94ddeeb1f5c42300000000000000,b1fd94ddeeb1f5c40800000000000000,12,b1fd94ddeeb1f5c40900000000000000
economy-b-1-bounded-first,2,d8031208e59db8feebac4bc2b8801884,235,b1fd94ddeeb1f5c46600000000000000,b1fd94ddeeb1f5c46500000000000000,b1fd94ddeeb1f5c40800000000000000,12,b1fd94ddeeb1f5c40900000000000000
economy-b-1-bounded-first,3,d8031208e59db8feebac4bc2b8801884,405,b1fd94ddeeb1f5c4af00000000000000,b1fd94ddeeb1f5c4ae00000000000000,b1fd94ddeeb1f5c40800000000000000,12,b1fd94ddeeb1f5c40900000000000000
economy-b-1-bounded-first,4,d8031208e59db8feebac4bc2b8801884,575,b1fd94ddeeb1f5c4f800000000000000,b1fd94ddeeb1f5c4f700000000000000,b1fd94ddeeb1f5c40800000000000000,12,b1fd94ddeeb1f5c40900000000000000
economy-b-1-bounded-first,5,d8031208e59db8feebac4bc2b8801884,729,b1fd94ddeeb1f5c43901000000000000,b1fd94ddeeb1f5c43801000000000000,b1fd94ddeeb1f5c40800000000000000,12,b1fd94ddeeb1f5c40900000000000000
economy-b-1-bounded-first,6,d8031208e59db8feebac4bc2b8801884,2285,b1fd94ddeeb1f5c43704000000000000,b1fd94ddeeb1f5c43604000000000000,b1fd94ddeeb1f5c40800000000000000,12,b1fd94ddeeb1f5c40900000000000000
economy-b-1-baseline,1,db71b4e4ef04a06bde5ba697e4ca7602,79,d4d62190a18218992400000000000000,d4d62190a18218992300000000000000,d4d62190a18218990800000000000000,12,d4d62190a18218990900000000000000
economy-b-1-baseline,2,db71b4e4ef04a06bde5ba697e4ca7602,249,d4d62190a18218996d00000000000000,d4d62190a18218996c00000000000000,d4d62190a18218990800000000000000,12,d4d62190a18218990900000000000000
economy-b-1-baseline,3,db71b4e4ef04a06bde5ba697e4ca7602,391,d4d62190a1821899a800000000000000,d4d62190a1821899a700000000000000,d4d62190a18218990800000000000000,12,d4d62190a18218990900000000000000
economy-b-1-baseline,4,db71b4e4ef04a06bde5ba697e4ca7602,533,d4d62190a1821899e300000000000000,d4d62190a1821899e200000000000000,d4d62190a18218990800000000000000,12,d4d62190a18218990900000000000000
economy-b-1-baseline,5,db71b4e4ef04a06bde5ba697e4ca7602,769,d4d62190a18218994d01000000000000,d4d62190a18218994c01000000000000,d4d62190a18218990800000000000000,12,d4d62190a18218990900000000000000
economy-b-1-baseline,6,db71b4e4ef04a06bde5ba697e4ca7602,2211,d4d62190a18218991204000000000000,d4d62190a18218991104000000000000,d4d62190a18218990800000000000000,12,d4d62190a18218990900000000000000
economy-a-2-bounded-first,1,b9ee9ee43107a0f81e58891945442634,79,189886c67b9ba4412400000000000000,189886c67b9ba4412300000000000000,189886c67b9ba4410800000000000000,12,189886c67b9ba4410900000000000000
economy-a-2-bounded-first,2,b9ee9ee43107a0f81e58891945442634,257,189886c67b9ba4417100000000000000,189886c67b9ba4417000000000000000,189886c67b9ba4410800000000000000,12,189886c67b9ba4410900000000000000
economy-a-2-bounded-first,3,b9ee9ee43107a0f81e58891945442634,445,189886c67b9ba441c300000000000000,189886c67b9ba441c200000000000000,189886c67b9ba4410800000000000000,12,189886c67b9ba4410900000000000000
economy-a-2-bounded-first,4,b9ee9ee43107a0f81e58891945442634,1481,189886c67b9ba441bd02000000000000,189886c67b9ba441bc02000000000000,189886c67b9ba4410800000000000000,12,189886c67b9ba4410900000000000000
economy-a-2-bounded-first,5,b9ee9ee43107a0f81e58891945442634,1625,189886c67b9ba441f902000000000000,189886c67b9ba441f802000000000000,189886c67b9ba4410800000000000000,12,189886c67b9ba4410900000000000000
economy-a-2-baseline,1,b991d5b5c8b031f96766363f6bc3a99a,79,9dff3b87905840fe2400000000000000,9dff3b87905840fe2300000000000000,9dff3b87905840fe0800000000000000,12,9dff3b87905840fe0900000000000000
economy-a-2-baseline,2,b991d5b5c8b031f96766363f6bc3a99a,243,9dff3b87905840fe6a00000000000000,9dff3b87905840fe6900000000000000,9dff3b87905840fe0800000000000000,12,9dff3b87905840fe0900000000000000
economy-a-2-baseline,3,b991d5b5c8b031f96766363f6bc3a99a,1183,9dff3b87905840fe3402000000000000,9dff3b87905840fe3302000000000000,9dff3b87905840fe0800000000000000,12,9dff3b87905840fe0900000000000000
economy-a-2-baseline,4,b991d5b5c8b031f96766363f6bc3a99a,1335,9dff3b87905840fe7402000000000000,9dff3b87905840fe7302000000000000,9dff3b87905840fe0800000000000000,12,9dff3b87905840fe0900000000000000
economy-b-2-baseline,1,edd23f29aadb268a89e318daf83d8367,79,eda357eb3ba1782e2400000000000000,eda357eb3ba1782e2300000000000000,eda357eb3ba1782e0800000000000000,12,eda357eb3ba1782e0900000000000000
economy-b-2-baseline,2,edd23f29aadb268a89e318daf83d8367,249,eda357eb3ba1782e6d00000000000000,eda357eb3ba1782e6c00000000000000,eda357eb3ba1782e0800000000000000,12,eda357eb3ba1782e0900000000000000
economy-b-2-baseline,3,edd23f29aadb268a89e318daf83d8367,401,eda357eb3ba1782ead00000000000000,eda357eb3ba1782eac00000000000000,eda357eb3ba1782e0800000000000000,12,eda357eb3ba1782e0900000000000000
economy-b-2-baseline,4,edd23f29aadb268a89e318daf83d8367,545,eda357eb3ba1782ee900000000000000,eda357eb3ba1782ee800000000000000,eda357eb3ba1782e0800000000000000,12,eda357eb3ba1782e0900000000000000
economy-b-2-baseline,5,edd23f29aadb268a89e318daf83d8367,679,eda357eb3ba1782e2001000000000000,eda357eb3ba1782e1f01000000000000,eda357eb3ba1782e0800000000000000,12,eda357eb3ba1782e0900000000000000
economy-b-2-baseline,6,edd23f29aadb268a89e318daf83d8367,1703,eda357eb3ba1782e1403000000000000,eda357eb3ba1782e1303000000000000,eda357eb3ba1782e0800000000000000,12,eda357eb3ba1782e0900000000000000
economy-b-2-bounded-first,1,d6f16a032b13abb08598fa4faa52ba0f,79,2c84c49d86ff0d582400000000000000,2c84c49d86ff0d582300000000000000,2c84c49d86ff0d580800000000000000,12,2c84c49d86ff0d580900000000000000
economy-b-2-bounded-first,2,d6f16a032b13abb08598fa4faa52ba0f,247,2c84c49d86ff0d586c00000000000000,2c84c49d86ff0d586b00000000000000,2c84c49d86ff0d580800000000000000,12,2c84c49d86ff0d580900000000000000
economy-b-2-bounded-first,3,d6f16a032b13abb08598fa4faa52ba0f,477,2c84c49d86ff0d58d300000000000000,2c84c49d86ff0d58d200000000000000,2c84c49d86ff0d580800000000000000,12,2c84c49d86ff0d580900000000000000
economy-b-2-bounded-first,4,d6f16a032b13abb08598fa4faa52ba0f,669,2c84c49d86ff0d582701000000000000,2c84c49d86ff0d582601000000000000,2c84c49d86ff0d580800000000000000,12,2c84c49d86ff0d580900000000000000
economy-b-2-bounded-first,5,d6f16a032b13abb08598fa4faa52ba0f,2115,2c84c49d86ff0d58ee03000000000000,2c84c49d86ff0d58ed03000000000000,2c84c49d86ff0d580800000000000000,12,2c84c49d86ff0d580900000000000000
economy-c-1-baseline,1,e6f449ab08c4d77d7b0196d5cd88df26,79,0f7943257bee86652400000000000000,0f7943257bee86652300000000000000,0f7943257bee86650800000000000000,12,0f7943257bee86650900000000000000
economy-c-1-baseline,2,e6f449ab08c4d77d7b0196d5cd88df26,231,0f7943257bee86656400000000000000,0f7943257bee86656300000000000000,0f7943257bee86650800000000000000,12,0f7943257bee86650900000000000000
economy-c-1-baseline,3,e6f449ab08c4d77d7b0196d5cd88df26,393,0f7943257bee8665a900000000000000,0f7943257bee8665a800000000000000,0f7943257bee86650800000000000000,12,0f7943257bee86650900000000000000
economy-c-1-baseline,4,e6f449ab08c4d77d7b0196d5cd88df26,548,0f7943257bee8665e900000000000000,0f7943257bee8665e800000000000000,0f7943257bee86650800000000000000,12,0f7943257bee86650900000000000000
economy-c-1-baseline,5,e6f449ab08c4d77d7b0196d5cd88df26,728,0f7943257bee86653401000000000000,0f7943257bee86653301000000000000,0f7943257bee86650800000000000000,12,0f7943257bee86650900000000000000
economy-c-1-baseline,6,e6f449ab08c4d77d7b0196d5cd88df26,856,0f7943257bee86656801000000000000,0f7943257bee86656701000000000000,0f7943257bee86650800000000000000,12,0f7943257bee86650900000000000000
economy-c-1-baseline,7,e6f449ab08c4d77d7b0196d5cd88df26,1018,0f7943257bee8665ad01000000000000,0f7943257bee8665ac01000000000000,0f7943257bee86650800000000000000,12,0f7943257bee86650900000000000000
economy-c-1-bounded-first,1,78f6f3108b6dc12764a54ee3d4747f74,79,fa147f2c1079f6a32400000000000000,fa147f2c1079f6a32300000000000000,fa147f2c1079f6a30800000000000000,12,fa147f2c1079f6a30900000000000000
economy-c-1-bounded-first,2,78f6f3108b6dc12764a54ee3d4747f74,245,fa147f2c1079f6a36b00000000000000,fa147f2c1079f6a36a00000000000000,fa147f2c1079f6a30800000000000000,12,fa147f2c1079f6a30900000000000000
economy-c-1-bounded-first,3,78f6f3108b6dc12764a54ee3d4747f74,421,fa147f2c1079f6a3b700000000000000,fa147f2c1079f6a3b600000000000000,fa147f2c1079f6a30800000000000000,12,fa147f2c1079f6a30900000000000000
economy-c-1-bounded-first,4,78f6f3108b6dc12764a54ee3d4747f74,1145,fa147f2c1079f6a31502000000000000,fa147f2c1079f6a31402000000000000,fa147f2c1079f6a30800000000000000,12,fa147f2c1079f6a30900000000000000
economy-c-1-bounded-first,5,78f6f3108b6dc12764a54ee3d4747f74,1305,fa147f2c1079f6a35902000000000000,fa147f2c1079f6a35802000000000000,fa147f2c1079f6a30800000000000000,12,fa147f2c1079f6a30900000000000000
economy-d-1-bounded-first,1,1f41cd478c187a7bac099fa2f750b9a2,79,d6124782b6805a8b2400000000000000,d6124782b6805a8b2300000000000000,d6124782b6805a8b0800000000000000,12,d6124782b6805a8b0900000000000000
economy-d-1-bounded-first,2,1f41cd478c187a7bac099fa2f750b9a2,265,d6124782b6805a8b7500000000000000,d6124782b6805a8b7400000000000000,d6124782b6805a8b0800000000000000,12,d6124782b6805a8b0900000000000000
economy-d-1-bounded-first,3,1f41cd478c187a7bac099fa2f750b9a2,473,d6124782b6805a8bd100000000000000,d6124782b6805a8bd000000000000000,d6124782b6805a8b0800000000000000,12,d6124782b6805a8b0900000000000000
economy-d-1-bounded-first,4,1f41cd478c187a7bac099fa2f750b9a2,703,d6124782b6805a8b3801000000000000,d6124782b6805a8b3701000000000000,d6124782b6805a8b0800000000000000,12,d6124782b6805a8b0900000000000000
economy-d-1-bounded-first,5,1f41cd478c187a7bac099fa2f750b9a2,1695,d6124782b6805a8b1c03000000000000,d6124782b6805a8b1b03000000000000,d6124782b6805a8b0800000000000000,12,d6124782b6805a8b0900000000000000
economy-d-1-baseline,1,666177aba6ab918d17c76b996c40a94b,79,9462857ae8580fc72400000000000000,9462857ae8580fc72300000000000000,9462857ae8580fc70800000000000000,12,9462857ae8580fc70900000000000000
economy-d-1-baseline,2,666177aba6ab918d17c76b996c40a94b,257,9462857ae8580fc77100000000000000,9462857ae8580fc77000000000000000,9462857ae8580fc70800000000000000,12,9462857ae8580fc70900000000000000
economy-d-1-baseline,3,666177aba6ab918d17c76b996c40a94b,449,9462857ae8580fc7c500000000000000,9462857ae8580fc7c400000000000000,9462857ae8580fc70800000000000000,12,9462857ae8580fc70900000000000000
economy-d-1-baseline,4,666177aba6ab918d17c76b996c40a94b,613,9462857ae8580fc70b01000000000000,9462857ae8580fc70a01000000000000,9462857ae8580fc70800000000000000,12,9462857ae8580fc70900000000000000
economy-d-1-baseline,5,666177aba6ab918d17c76b996c40a94b,1781,9462857ae8580fc74703000000000000,9462857ae8580fc74603000000000000,9462857ae8580fc70800000000000000,12,9462857ae8580fc70900000000000000
