id,task,repeat,policy,order,accepted,requests,input,output,cached,real,user,sys,inference,tool,model_tools,reading_actions_upper_bound,exception_unknowns,source,config_sha256,artifact_sha256,local,returned_tool_errors,tool_deadline_setting_violations,followup_information_actions
economy-a-1-baseline,A,1,baseline,1,true,4,21343,1340,0,40.83,0.51,0.61,39,1,3,2,0,3fd4f33ddeee90d4894f2cd5f0929a8e6d9b19d6,a01a07b7159a38d62acbf848d1d433111b4ee298fb453c1a2fc7ae0284bfe10b,bca41bb18669973cf58de4b9716997ed7ed11dffd3066b992bd251d52f6f8b21,context/useful-work/pilot-results/economy-a-1-baseline,0,2,0
economy-a-1-bounded-first,A,1,bounded-first,2,true,5,22118,1479,0,50.25,0.63,0.7,49,1,4,3,0,3fd4f33ddeee90d4894f2cd5f0929a8e6d9b19d6,db745a76462ced214ad1d733a511f68f58a48f38fcc8b813a335ebfee099b7a8,253f7e1bf2cefd6a155a58436831ebe79e6afd3a72d03ac88ff535f8e8856a09,context/useful-work/pilot-results/economy-a-1-bounded-first,0,3,1
economy-b-1-bounded-first,B,1,bounded-first,3,true,6,66340,2243,0,74.21,1.29,1.09,71,1,5,4,0,3fd4f33ddeee90d4894f2cd5f0929a8e6d9b19d6,0dc95900e54a2fee56b32020564e52151f1a4d4094987462358bebf52a7c852b,5a5b83e1993fe68cc93f046ac0f2d084730b4821e068be531b5490cef613a154,context/useful-work/pilot-results/economy-b-1-bounded-first,0,4,3
economy-b-1-baseline,B,1,baseline,4,true,6,55384,1915,0,64.62,1.12,0.98,61,0,5,4,0,3fd4f33ddeee90d4894f2cd5f0929a8e6d9b19d6,d197850f1f5529918d1855f4e84d097c8c6fdc0924cacf247800855f20bc09fa,04cc10f08f33834322d5ff122851ab1ccc8c3ed4e9777fa1928581a0e1b1566a,context/useful-work/pilot-results/economy-b-1-baseline,2,2,3
economy-a-2-bounded-first,A,2,bounded-first,5,true,5,22488,1764,0,64.0,0.69,0.79,61,0,4,3,0,3fd4f33ddeee90d4894f2cd5f0929a8e6d9b19d6,ceaa29bdfdc6ec56a521f835ffe244d403faba8f7fd113343f1b5775c7c7c299,f1c729291141b1cf9ceb008ee2b873e84b9def7cfbe49dd0b7ae6285862b1bb3,context/useful-work/pilot-results/economy-a-2-bounded-first,0,3,1
economy-a-2-baseline,A,2,baseline,6,true,4,21302,1332,0,40.63,0.58,0.65,38,0,3,2,0,3fd4f33ddeee90d4894f2cd5f0929a8e6d9b19d6,da8d8e0a1c96a4ac2090a3c476c04f608c5cfb7e90b2ebf0b024dfb7583ed121,b9362c6efd13778ce1bc67d9fecf7e0eda1f7f518cc82bcfe01f90b9ff72ee3f,context/useful-work/pilot-results/economy-a-2-baseline,0,2,0
economy-b-2-baseline,B,2,baseline,7,true,6,55161,1989,0,73.98,0.88,0.86,70,0,5,4,0,3fd4f33ddeee90d4894f2cd5f0929a8e6d9b19d6,76b6e959a0c032c68959d9e1b4c0c7d8c2993ae8227b50b32e9fb0dffa2dc424,b7ba181910edc4cd2b5690f837905b76b4ece7fe32943448c2157d156659fada,context/useful-work/pilot-results/economy-b-2-baseline,2,2,3
economy-b-2-bounded-first,B,2,bounded-first,8,true,5,38695,2042,0,64.28,1.01,0.92,61,1,4,3,0,3fd4f33ddeee90d4894f2cd5f0929a8e6d9b19d6,0628c28ecd48d2b9d8775d51d4918efee275109b8e4fccf44dcee5e0ef906eff,2efa399540fdf6fff3267c7b5baff2b1bd35321c49b59135b030a2786623a591,context/useful-work/pilot-results/economy-b-2-bounded-first,0,3,2
economy-c-1-baseline,C,1,baseline,9,true,7,24105,1390,0,51.79,0.55,0.62,50,0,6,3,0,3fd4f33ddeee90d4894f2cd5f0929a8e6d9b19d6,95d5f3d87bc980b7430308b2438b6bbcc1dc9210c35848b9f49f9350cc031dc7,8b52122b9c5cc02592510c7ab9e98759a38399a04cf5dca8eaec2d09f1a3d468,context/useful-work/pilot-results/economy-c-1-baseline,2,1,1
economy-c-1-bounded-first,C,1,bounded-first,10,true,5,21194,1599,0,45.44,0.52,0.61,43,1,4,3,0,3fd4f33ddeee90d4894f2cd5f0929a8e6d9b19d6,a61a038794f40656f53ae3119e713a5a3489dd5c29f3506a2d8acb9752922a0c,8e723269365ab7ec30ef5ae4f0969ae0fb729151611f98234c96b1abb85f7c65,context/useful-work/pilot-results/economy-c-1-bounded-first,0,3,1
economy-d-1-bounded-first,D,1,bounded-first,11,true,5,43645,1777,0,57.31,0.86,0.83,55,1,4,3,0,3fd4f33ddeee90d4894f2cd5f0929a8e6d9b19d6,64fc2273afca0877a7a6179533a231fe8e77f25d77a0565c07a54b106ed455c8,87f6f49aef25d2c8f66dca6e85eb0d41e48a918108c9cc6db2d61ade07aa2163,context/useful-work/pilot-results/economy-d-1-bounded-first,0,3,2
economy-d-1-baseline,D,1,baseline,12,true,5,57053,1575,0,52.68,0.82,0.74,52,0,4,3,0,3fd4f33ddeee90d4894f2cd5f0929a8e6d9b19d6,b1c0478b9aa6183ea16078aee45c7d887f95d343bdf54be98c09e671eecfc270,bb18778c64c3412563a44112d13b933d0fdd90464759030ca6dfe52978f37a02,context/useful-work/pilot-results/economy-d-1-baseline,0,3,2
