mode,bytes,records,producer_ns,producer_ns_per_record
ring,64,100000,897500,8.97
pipe,64,100000,65509500,655.10
ring,64,100000,924666,9.25
pipe,64,100000,72242792,722.43
ring,64,100000,1392042,13.92
pipe,64,100000,69334375,693.34
ring,256,32768,764459,23.33
pipe,256,32768,29147208,889.50
ring,256,32768,1908959,58.26
pipe,256,32768,28434458,867.75
ring,256,32768,1154250,35.22
pipe,256,32768,25471875,777.34
ring,4096,4096,1168250,285.22
pipe,4096,4096,10944000,2671.88
ring,4096,4096,1774916,433.33
pipe,4096,4096,15649458,3820.67
ring,4096,4096,995834,243.12
pipe,4096,4096,11160333,2724.69
